[
  {
    "nom": "Equipe 1",
    "listeJoueurs": [
      {
        "Nom": "Campaner",
        "prenom": "Frederic",
        "numLicence": "1 857 047",
        "telephone": "06.63.63.33.21",
        "adresse": "20 chemin du petit étang, 54110 Buissoncourt"
      },
      {
        "Nom": "Carnin",
        "prenom": "Charles",
        "numLicence": "1 835 790",
        "telephone": "06.83.75.11.73",
        "adresse": "19 rue Jean Ferrat, 54510 Tomblaine"
      },
      {
        "Nom": "Chalon",
        "prenom": "Benjamin",
        "numLicence": "1 814 755",
        "telephone": "06.87.80.38.76",
        "adresse": "1 rue RPre, 54280 velaine-Sous-Amence"
      },
      {
        "Nom": "Chollot",
        "prenom": "Nicolas",
        "numLicence": "1 408 658",
        "telephone": "06.73.11.13.16",
        "adresse": "10 allée des Pinsons, 54280 Seichamps"
      },
      {
        "Nom": "Chollot",
        "prenom": "Clement",
        "numLicence": "-",
        "telephone": "-",
        "adresse": "62 rue Saint Georges, 54000 Nancy"
      },
      {
        "Nom": "Dammerey",
        "prenom": "Maxime",
        "numLicence": "1 900 004",
        "telephone": "06.48.76.42.59",
        "adresse": "10 allée des Bouleaux, 544420 Saulxures-Les-Nancy"
      },
      {
        "Nom": "Grare",
        "prenom": "David",
        "numLicence": "-",
        "telephone": "06.06.76.98.11",
        "adresse": "1 Grand Rue, 54000 Nancy"
      },
      {
        "Nom": "Milnis",
        "prenom": "Vincent",
        "numLicence": "1 805 279",
        "telephone": "06.09.98.18.20",
        "adresse": "18 Avenue de l\u0027Europe, 54280 Seichamps"
      },
      {
        "Nom": "Pons Bosch",
        "prenom": "Bartomeu",
        "numLicence": "2 281 917",
        "telephone": "07.68.55.29.34",
        "adresse": "Inconnue"
      },
      {
        "Nom": "Seigneur",
        "prenom": "Eloi",
        "numLicence": "1 768 247",
        "telephone": "06.43.18.21.39",
        "adresse": "18 Allée Francois Flageollet, 54270 Essey-Les-Nancy"
      }
    ]
  },
  {
    "nom": "Equipe 2",
    "listeJoueurs": [
      {
        "Nom": "Courtois",
        "prenom": "Guillaume",
        "numLicence": "",
        "telephone": "06.79.45.55.85",
        "adresse": "4 rue Blaise Pascal, 54280 Seichamps"
      },
      {
        "Nom": "Cousseran",
        "prenom": "Francois",
        "numLicence": "",
        "telephone": "",
        "adresse": "3 rue Clément Ader, 54420 Saulxures-Les-Nancy"
      },
      {
        "Nom": "Da Silva",
        "prenom": "Marie",
        "numLicence": "",
        "telephone": "06.21.99.17.33",
        "adresse": "3 rue de Verdun, 54270 Essey-Les-Nancy"
      },
      {
        "Nom": "Genin",
        "prenom": "Laurent",
        "numLicence": "",
        "telephone": "06.74.74.41.67",
        "adresse": "106 rue des Parterres Fleuris, 54280 Seichamps"
      },
      {
        "Nom": "Guillaume",
        "prenom": "Remi",
        "numLicence": "",
        "telephone": "06.31.39.59.77",
        "adresse": "1 avenue du Quebec, 54280 Seichamps"
      },
      {
        "Nom": "Marchal",
        "prenom": "Eric",
        "numLicence": "",
        "telephone": "06.86.54.10.57",
        "adresse": "92 avenue de la République, 54520 Laxou"
      },
      {
        "Nom": "Marchal",
        "prenom": "Laurence",
        "numLicence": "",
        "telephone": "06.75.93.57.40",
        "adresse": "5 rue d\u0027Auvergne, 54425 Pulnoy"
      },
      {
        "Nom": "Reihl",
        "prenom": "Maîa",
        "numLicence": "",
        "telephone": "06.67.72.59.00",
        "adresse": "104 rue Jeanne d\u0027Arc"
      },
      {
        "Nom": "Soto Gutierrez",
        "prenom": "Stéphanie",
        "numLicence": "",
        "telephone": "07.60.85.00.27",
        "adresse": "18 rue Pablo Picasso, 54510 Tomblaine"
      },
      {
        "Nom": "Ternat",
        "prenom": "Guillaume",
        "numLicence": "",
        "telephone": "06.72.60.77.09",
        "adresse": "2 rue Johannes Gutenber, 54420 Pulnoy"
      },
      {
        "Nom": "Wimmer",
        "prenom": "Emeric",
        "numLicence": "",
        "telephone": "07.70.38.54.77",
        "adresse": "19 rue du Neuf Chemin, 54420 Saulxures-Les-Nancy"
      }
    ]
  }
]